"","name","articles","value","Percent"
"1","present_ampl",8280,0,0
"2","present_dynare",8280,195,2.35507246376812
"3","present_julia",8280,38,0.458937198067633
"4","present_mathematica",8280,114,1.3768115942029
"5","present_matlab",8280,1998,24.1304347826087
"6","present_notebooks",8280,92,1.11111111111111
"7","present_ox",8280,13,0.157004830917874
"8","present_python",8280,321,3.8768115942029
"9","present_r",8280,798,9.63768115942029
"10","present_stata",8280,5793,69.963768115942
